"T","reject","method","dgp","Nsim","mcse"
50,0.0545,"Conventional OLS","iid",2000,0.00507591124823908
100,0.048,"Conventional OLS","iid",2000,0.00477995815881269
150,0.054,"Conventional OLS","iid",2000,0.00505390937789747
200,0.051,"Conventional OLS","iid",2000,0.00491929873051027
250,0.0525,"Conventional OLS","iid",2000,0.00498717104178311
300,0.0445,"Conventional OLS","iid",2000,0.00461084319837489
350,0.0495,"Conventional OLS","iid",2000,0.0048502448391808
400,0.047,"Conventional OLS","iid",2000,0.00473238840333293
450,0.0485,"Conventional OLS","iid",2000,0.00480352734977121
500,0.05,"Conventional OLS","iid",2000,0.00487339717240448
550,0.0505,"Conventional OLS","iid",2000,0.00489641450451246
600,0.049,"Conventional OLS","iid",2000,0.00482695556225661
650,0.048,"Conventional OLS","iid",2000,0.00477995815881269
700,0.053,"Conventional OLS","iid",2000,0.0050095408971282
750,0.0525,"Conventional OLS","iid",2000,0.00498717104178311
800,0.0535,"Conventional OLS","iid",2000,0.00503178646208283
850,0.053,"Conventional OLS","iid",2000,0.0050095408971282
900,0.049,"Conventional OLS","iid",2000,0.00482695556225661
950,0.049,"Conventional OLS","iid",2000,0.00482695556225661
1000,0.051,"Conventional OLS","iid",2000,0.00491929873051027
1050,0.0535,"Conventional OLS","iid",2000,0.00503178646208283
1100,0.0515,"Conventional OLS","iid",2000,0.00494205169944629
1150,0.055,"Conventional OLS","iid",2000,0.00509779364038993
1200,0.0545,"Conventional OLS","iid",2000,0.00507591124823908
1250,0.052,"Conventional OLS","iid",2000,0.00496467521596328
1300,0.0515,"Conventional OLS","iid",2000,0.00494205169944629
1350,0.0485,"Conventional OLS","iid",2000,0.00480352734977121
1400,0.0505,"Conventional OLS","iid",2000,0.00489641450451246
1450,0.0565,"Conventional OLS","iid",2000,0.00516273909857936
1500,0.055,"Conventional OLS","iid",2000,0.00509779364038993
1550,0.0495,"Conventional OLS","iid",2000,0.0048502448391808
1600,0.0495,"Conventional OLS","iid",2000,0.0048502448391808
1650,0.0555,"Conventional OLS","iid",2000,0.00511955808639769
1700,0.0515,"Conventional OLS","iid",2000,0.00494205169944629
1750,0.047,"Conventional OLS","iid",2000,0.00473238840333293
1800,0.055,"Conventional OLS","iid",2000,0.00509779364038993
1850,0.05,"Conventional OLS","iid",2000,0.00487339717240448
1900,0.05,"Conventional OLS","iid",2000,0.00487339717240448
1950,0.0485,"Conventional OLS","iid",2000,0.00480352734977121
2000,0.0465,"Conventional OLS","iid",2000,0.00470838348055891
2050,0.0495,"Conventional OLS","iid",2000,0.0048502448391808
2100,0.047,"Conventional OLS","iid",2000,0.00473238840333293
2150,0.0485,"Conventional OLS","iid",2000,0.00480352734977121
2200,0.0465,"Conventional OLS","iid",2000,0.00470838348055891
2250,0.0465,"Conventional OLS","iid",2000,0.00470838348055891
2300,0.0435,"Conventional OLS","iid",2000,0.00456112650559048
2350,0.047,"Conventional OLS","iid",2000,0.00473238840333293
2400,0.0485,"Conventional OLS","iid",2000,0.00480352734977121
2450,0.0505,"Conventional OLS","iid",2000,0.00489641450451246
2500,0.0525,"Conventional OLS","iid",2000,0.00498717104178311
2550,0.051,"Conventional OLS","iid",2000,0.00491929873051027
2600,0.0545,"Conventional OLS","iid",2000,0.00507591124823908
2650,0.052,"Conventional OLS","iid",2000,0.00496467521596328
2700,0.052,"Conventional OLS","iid",2000,0.00496467521596328
2750,0.049,"Conventional OLS","iid",2000,0.00482695556225661
2800,0.0485,"Conventional OLS","iid",2000,0.00480352734977121
2850,0.046,"Conventional OLS","iid",2000,0.00468422885862764
2900,0.045,"Conventional OLS","iid",2000,0.00463546114210873
2950,0.0455,"Conventional OLS","iid",2000,0.00465992220965114
3000,0.049,"Conventional OLS","iid",2000,0.00482695556225661
3050,0.0485,"Conventional OLS","iid",2000,0.00480352734977121
3100,0.0435,"Conventional OLS","iid",2000,0.00456112650559048
3150,0.044,"Conventional OLS","iid",2000,0.00458606585212206
3200,0.0455,"Conventional OLS","iid",2000,0.00465992220965114
3250,0.0435,"Conventional OLS","iid",2000,0.00456112650559048
3300,0.043,"Conventional OLS","iid",2000,0.00453602248671675
3350,0.047,"Conventional OLS","iid",2000,0.00473238840333293
3400,0.05,"Conventional OLS","iid",2000,0.00487339717240448
3450,0.043,"Conventional OLS","iid",2000,0.00453602248671675
3500,0.046,"Conventional OLS","iid",2000,0.00468422885862764
3550,0.047,"Conventional OLS","iid",2000,0.00473238840333293
3600,0.0475,"Conventional OLS","iid",2000,0.00475624589355933
3650,0.0445,"Conventional OLS","iid",2000,0.00461084319837489
3700,0.046,"Conventional OLS","iid",2000,0.00468422885862764
3750,0.0435,"Conventional OLS","iid",2000,0.00456112650559048
3800,0.0495,"Conventional OLS","iid",2000,0.0048502448391808
3850,0.0505,"Conventional OLS","iid",2000,0.00489641450451246
3900,0.0515,"Conventional OLS","iid",2000,0.00494205169944629
3950,0.0485,"Conventional OLS","iid",2000,0.00480352734977121
4000,0.045,"Conventional OLS","iid",2000,0.00463546114210873
4050,0.0455,"Conventional OLS","iid",2000,0.00465992220965114
4100,0.043,"Conventional OLS","iid",2000,0.00453602248671675
4150,0.0485,"Conventional OLS","iid",2000,0.00480352734977121
4200,0.0455,"Conventional OLS","iid",2000,0.00465992220965114
4250,0.048,"Conventional OLS","iid",2000,0.00477995815881269
4300,0.048,"Conventional OLS","iid",2000,0.00477995815881269
4350,0.046,"Conventional OLS","iid",2000,0.00468422885862764
4400,0.0495,"Conventional OLS","iid",2000,0.0048502448391808
4450,0.048,"Conventional OLS","iid",2000,0.00477995815881269
4500,0.0485,"Conventional OLS","iid",2000,0.00480352734977121
4550,0.049,"Conventional OLS","iid",2000,0.00482695556225661
4600,0.0475,"Conventional OLS","iid",2000,0.00475624589355933
4650,0.0505,"Conventional OLS","iid",2000,0.00489641450451246
4700,0.049,"Conventional OLS","iid",2000,0.00482695556225661
4750,0.0485,"Conventional OLS","iid",2000,0.00480352734977121
4800,0.0475,"Conventional OLS","iid",2000,0.00475624589355933
4850,0.0475,"Conventional OLS","iid",2000,0.00475624589355933
4900,0.048,"Conventional OLS","iid",2000,0.00477995815881269
4950,0.0495,"Conventional OLS","iid",2000,0.0048502448391808
5000,0.049,"Conventional OLS","iid",2000,0.00482695556225661
50,0.1115,"Conventional OLS","(0.5,0.5)",2000,0.00703803061942757
100,0.1175,"Conventional OLS","(0.5,0.5)",2000,0.00720047741472744
150,0.119,"Conventional OLS","(0.5,0.5)",2000,0.00724013121428058
200,0.1205,"Conventional OLS","(0.5,0.5)",2000,0.00727941446821102
250,0.121,"Conventional OLS","(0.5,0.5)",2000,0.00729242757934558
300,0.125,"Conventional OLS","(0.5,0.5)",2000,0.00739509972887452
350,0.1335,"Conventional OLS","(0.5,0.5)",2000,0.00760518737441754
400,0.1325,"Conventional OLS","(0.5,0.5)",2000,0.00758102070964062
450,0.1335,"Conventional OLS","(0.5,0.5)",2000,0.00760518737441754
500,0.1385,"Conventional OLS","(0.5,0.5)",2000,0.00772391578151911
550,0.132,"Conventional OLS","(0.5,0.5)",2000,0.00756888366933988
600,0.132,"Conventional OLS","(0.5,0.5)",2000,0.00756888366933988
650,0.132,"Conventional OLS","(0.5,0.5)",2000,0.00756888366933988
700,0.116,"Conventional OLS","(0.5,0.5)",2000,0.00716044691342656
750,0.127,"Conventional OLS","(0.5,0.5)",2000,0.00744550199785078
800,0.1205,"Conventional OLS","(0.5,0.5)",2000,0.00727941446821102
850,0.118,"Conventional OLS","(0.5,0.5)",2000,0.00721373689567342
900,0.1205,"Conventional OLS","(0.5,0.5)",2000,0.00727941446821102
950,0.129,"Conventional OLS","(0.5,0.5)",2000,0.00749529852640974
1000,0.1325,"Conventional OLS","(0.5,0.5)",2000,0.00758102070964062
1050,0.1355,"Conventional OLS","(0.5,0.5)",2000,0.00765309577883356
1100,0.1345,"Conventional OLS","(0.5,0.5)",2000,0.00762921195144033
1150,0.138,"Conventional OLS","(0.5,0.5)",2000,0.00771219813023499
1200,0.13,"Conventional OLS","(0.5,0.5)",2000,0.00751997340420829
1250,0.129,"Conventional OLS","(0.5,0.5)",2000,0.00749529852640974
1300,0.137,"Conventional OLS","(0.5,0.5)",2000,0.00768866048151432
1350,0.132,"Conventional OLS","(0.5,0.5)",2000,0.00756888366933988
1400,0.1315,"Conventional OLS","(0.5,0.5)",2000,0.00755671059390261
1450,0.1245,"Conventional OLS","(0.5,0.5)",2000,0.00738240306404358
1500,0.1345,"Conventional OLS","(0.5,0.5)",2000,0.00762921195144033
1550,0.139,"Conventional OLS","(0.5,0.5)",2000,0.00773559952427735
1600,0.136,"Conventional OLS","(0.5,0.5)",2000,0.00766498532288223
1650,0.136,"Conventional OLS","(0.5,0.5)",2000,0.00766498532288223
1700,0.133,"Conventional OLS","(0.5,0.5)",2000,0.00759312188760328
1750,0.1365,"Conventional OLS","(0.5,0.5)",2000,0.00767684017027839
1800,0.1295,"Conventional OLS","(0.5,0.5)",2000,0.00750765442731616
1850,0.125,"Conventional OLS","(0.5,0.5)",2000,0.00739509972887452
1900,0.127,"Conventional OLS","(0.5,0.5)",2000,0.00744550199785078
1950,0.1295,"Conventional OLS","(0.5,0.5)",2000,0.00750765442731616
2000,0.127,"Conventional OLS","(0.5,0.5)",2000,0.00744550199785078
2050,0.1305,"Conventional OLS","(0.5,0.5)",2000,0.00753225563825339
2100,0.128,"Conventional OLS","(0.5,0.5)",2000,0.0074704752191544
2150,0.129,"Conventional OLS","(0.5,0.5)",2000,0.00749529852640974
2200,0.1335,"Conventional OLS","(0.5,0.5)",2000,0.00760518737441754
2250,0.129,"Conventional OLS","(0.5,0.5)",2000,0.00749529852640974
2300,0.1335,"Conventional OLS","(0.5,0.5)",2000,0.00760518737441754
2350,0.135,"Conventional OLS","(0.5,0.5)",2000,0.00764117137617002
2400,0.1315,"Conventional OLS","(0.5,0.5)",2000,0.00755671059390261
2450,0.1325,"Conventional OLS","(0.5,0.5)",2000,0.00758102070964062
2500,0.1305,"Conventional OLS","(0.5,0.5)",2000,0.00753225563825339
2550,0.135,"Conventional OLS","(0.5,0.5)",2000,0.00764117137617002
2600,0.1325,"Conventional OLS","(0.5,0.5)",2000,0.00758102070964062
2650,0.137,"Conventional OLS","(0.5,0.5)",2000,0.00768866048151432
2700,0.1335,"Conventional OLS","(0.5,0.5)",2000,0.00760518737441754
2750,0.136,"Conventional OLS","(0.5,0.5)",2000,0.00766498532288223
2800,0.132,"Conventional OLS","(0.5,0.5)",2000,0.00756888366933988
2850,0.1335,"Conventional OLS","(0.5,0.5)",2000,0.00760518737441754
2900,0.135,"Conventional OLS","(0.5,0.5)",2000,0.00764117137617002
2950,0.139,"Conventional OLS","(0.5,0.5)",2000,0.00773559952427735
3000,0.1335,"Conventional OLS","(0.5,0.5)",2000,0.00760518737441754
3050,0.125,"Conventional OLS","(0.5,0.5)",2000,0.00739509972887452
3100,0.1305,"Conventional OLS","(0.5,0.5)",2000,0.00753225563825339
3150,0.128,"Conventional OLS","(0.5,0.5)",2000,0.0074704752191544
3200,0.13,"Conventional OLS","(0.5,0.5)",2000,0.00751997340420829
3250,0.1285,"Conventional OLS","(0.5,0.5)",2000,0.00748290551858033
3300,0.1285,"Conventional OLS","(0.5,0.5)",2000,0.00748290551858033
3350,0.1295,"Conventional OLS","(0.5,0.5)",2000,0.00750765442731616
3400,0.128,"Conventional OLS","(0.5,0.5)",2000,0.0074704752191544
3450,0.1225,"Conventional OLS","(0.5,0.5)",2000,0.00733122602297869
3500,0.12,"Conventional OLS","(0.5,0.5)",2000,0.00726636084983398
3550,0.1205,"Conventional OLS","(0.5,0.5)",2000,0.00727941446821102
3600,0.127,"Conventional OLS","(0.5,0.5)",2000,0.00744550199785078
3650,0.1225,"Conventional OLS","(0.5,0.5)",2000,0.00733122602297869
3700,0.1195,"Conventional OLS","(0.5,0.5)",2000,0.00725326650551322
3750,0.1205,"Conventional OLS","(0.5,0.5)",2000,0.00727941446821102
3800,0.12,"Conventional OLS","(0.5,0.5)",2000,0.00726636084983398
3850,0.1265,"Conventional OLS","(0.5,0.5)",2000,0.0074329586975847
3900,0.1195,"Conventional OLS","(0.5,0.5)",2000,0.00725326650551322
3950,0.1225,"Conventional OLS","(0.5,0.5)",2000,0.00733122602297869
4000,0.126,"Conventional OLS","(0.5,0.5)",2000,0.0074203773488954
4050,0.127,"Conventional OLS","(0.5,0.5)",2000,0.00744550199785078
4100,0.1225,"Conventional OLS","(0.5,0.5)",2000,0.00733122602297869
4150,0.123,"Conventional OLS","(0.5,0.5)",2000,0.00734407924793844
4200,0.126,"Conventional OLS","(0.5,0.5)",2000,0.0074203773488954
4250,0.1285,"Conventional OLS","(0.5,0.5)",2000,0.00748290551858033
4300,0.125,"Conventional OLS","(0.5,0.5)",2000,0.00739509972887452
4350,0.127,"Conventional OLS","(0.5,0.5)",2000,0.00744550199785078
4400,0.127,"Conventional OLS","(0.5,0.5)",2000,0.00744550199785078
4450,0.1305,"Conventional OLS","(0.5,0.5)",2000,0.00753225563825339
4500,0.1315,"Conventional OLS","(0.5,0.5)",2000,0.00755671059390261
4550,0.125,"Conventional OLS","(0.5,0.5)",2000,0.00739509972887452
4600,0.1265,"Conventional OLS","(0.5,0.5)",2000,0.0074329586975847
4650,0.1265,"Conventional OLS","(0.5,0.5)",2000,0.0074329586975847
4700,0.1305,"Conventional OLS","(0.5,0.5)",2000,0.00753225563825339
4750,0.1285,"Conventional OLS","(0.5,0.5)",2000,0.00748290551858033
4800,0.131,"Conventional OLS","(0.5,0.5)",2000,0.00754450130890041
4850,0.128,"Conventional OLS","(0.5,0.5)",2000,0.0074704752191544
4900,0.13,"Conventional OLS","(0.5,0.5)",2000,0.00751997340420829
4950,0.1295,"Conventional OLS","(0.5,0.5)",2000,0.00750765442731616
5000,0.126,"Conventional OLS","(0.5,0.5)",2000,0.0074203773488954
50,0.2975,"Conventional OLS","(0.8,0.8)",2000,0.0102223713002414
100,0.359,"Conventional OLS","(0.8,0.8)",2000,0.010726579137824
150,0.366,"Conventional OLS","(0.8,0.8)",2000,0.0107713508902087
200,0.381,"Conventional OLS","(0.8,0.8)",2000,0.0108590745462033
250,0.3855,"Conventional OLS","(0.8,0.8)",2000,0.0108832382589007
300,0.3655,"Conventional OLS","(0.8,0.8)",2000,0.0107682345349644
350,0.372,"Conventional OLS","(0.8,0.8)",2000,0.0108077749791527
400,0.3715,"Conventional OLS","(0.8,0.8)",2000,0.0108048079575715
450,0.3785,"Conventional OLS","(0.8,0.8)",2000,0.010845223603043
500,0.3795,"Conventional OLS","(0.8,0.8)",2000,0.0108508006617023
550,0.374,"Conventional OLS","(0.8,0.8)",2000,0.0108195193978291
600,0.3755,"Conventional OLS","(0.8,0.8)",2000,0.0108281981418886
650,0.3635,"Conventional OLS","(0.8,0.8)",2000,0.0107556438672913
700,0.3705,"Conventional OLS","(0.8,0.8)",2000,0.0107988367429089
750,0.372,"Conventional OLS","(0.8,0.8)",2000,0.0108077749791527
800,0.365,"Conventional OLS","(0.8,0.8)",2000,0.0107651056659933
850,0.37,"Conventional OLS","(0.8,0.8)",2000,0.0107958325292679
900,0.37,"Conventional OLS","(0.8,0.8)",2000,0.0107958325292679
950,0.3715,"Conventional OLS","(0.8,0.8)",2000,0.0108048079575715
1000,0.3675,"Conventional OLS","(0.8,0.8)",2000,0.010780624981883
1050,0.3705,"Conventional OLS","(0.8,0.8)",2000,0.0107988367429089
1100,0.3775,"Conventional OLS","(0.8,0.8)",2000,0.0108395975478797
1150,0.368,"Conventional OLS","(0.8,0.8)",2000,0.010783691390243
1200,0.3675,"Conventional OLS","(0.8,0.8)",2000,0.010780624981883
1250,0.3665,"Conventional OLS","(0.8,0.8)",2000,0.0107744547425844
1300,0.3605,"Conventional OLS","(0.8,0.8)",2000,0.0107363809079224
1350,0.364,"Conventional OLS","(0.8,0.8)",2000,0.010758810343156
1400,0.3655,"Conventional OLS","(0.8,0.8)",2000,0.0107682345349644
1450,0.364,"Conventional OLS","(0.8,0.8)",2000,0.010758810343156
1500,0.362,"Conventional OLS","(0.8,0.8)",2000,0.0107460690487266
1550,0.359,"Conventional OLS","(0.8,0.8)",2000,0.010726579137824
1600,0.3635,"Conventional OLS","(0.8,0.8)",2000,0.0107556438672913
1650,0.359,"Conventional OLS","(0.8,0.8)",2000,0.010726579137824
1700,0.36,"Conventional OLS","(0.8,0.8)",2000,0.010733126291999
1750,0.361,"Conventional OLS","(0.8,0.8)",2000,0.0107396228984076
1800,0.369,"Conventional OLS","(0.8,0.8)",2000,0.0107897868375608
1850,0.3605,"Conventional OLS","(0.8,0.8)",2000,0.0107363809079224
1900,0.3635,"Conventional OLS","(0.8,0.8)",2000,0.0107556438672913
1950,0.364,"Conventional OLS","(0.8,0.8)",2000,0.010758810343156
2000,0.365,"Conventional OLS","(0.8,0.8)",2000,0.0107651056659933
2050,0.364,"Conventional OLS","(0.8,0.8)",2000,0.010758810343156
2100,0.3675,"Conventional OLS","(0.8,0.8)",2000,0.010780624981883
2150,0.3745,"Conventional OLS","(0.8,0.8)",2000,0.0108224246359122
2200,0.3635,"Conventional OLS","(0.8,0.8)",2000,0.0107556438672913
2250,0.368,"Conventional OLS","(0.8,0.8)",2000,0.010783691390243
2300,0.3645,"Conventional OLS","(0.8,0.8)",2000,0.0107619642723808
2350,0.361,"Conventional OLS","(0.8,0.8)",2000,0.0107396228984076
2400,0.361,"Conventional OLS","(0.8,0.8)",2000,0.0107396228984076
2450,0.362,"Conventional OLS","(0.8,0.8)",2000,0.0107460690487266
2500,0.3655,"Conventional OLS","(0.8,0.8)",2000,0.0107682345349644
2550,0.359,"Conventional OLS","(0.8,0.8)",2000,0.010726579137824
2600,0.3575,"Conventional OLS","(0.8,0.8)",2000,0.0107166634266454
2650,0.3455,"Conventional OLS","(0.8,0.8)",2000,0.0106331968382044
2700,0.3515,"Conventional OLS","(0.8,0.8)",2000,0.0106758547667154
2750,0.3515,"Conventional OLS","(0.8,0.8)",2000,0.0106758547667154
2800,0.3485,"Conventional OLS","(0.8,0.8)",2000,0.010654758326682
2850,0.355,"Conventional OLS","(0.8,0.8)",2000,0.0106998831769324
2900,0.354,"Conventional OLS","(0.8,0.8)",2000,0.0106930818756802
2950,0.3545,"Conventional OLS","(0.8,0.8)",2000,0.0106964889099181
3000,0.352,"Conventional OLS","(0.8,0.8)",2000,0.0106793258214178
3050,0.3555,"Conventional OLS","(0.8,0.8)",2000,0.0107032646888695
3100,0.3485,"Conventional OLS","(0.8,0.8)",2000,0.010654758326682
3150,0.35,"Conventional OLS","(0.8,0.8)",2000,0.0106653645038508
3200,0.3535,"Conventional OLS","(0.8,0.8)",2000,0.0106896620620111
3250,0.3575,"Conventional OLS","(0.8,0.8)",2000,0.0107166634266454
3300,0.3505,"Conventional OLS","(0.8,0.8)",2000,0.0106688741205434
3350,0.3515,"Conventional OLS","(0.8,0.8)",2000,0.0106758547667154
3400,0.3505,"Conventional OLS","(0.8,0.8)",2000,0.0106688741205434
3450,0.357,"Conventional OLS","(0.8,0.8)",2000,0.0107133328147687
3500,0.3545,"Conventional OLS","(0.8,0.8)",2000,0.0106964889099181
3550,0.35,"Conventional OLS","(0.8,0.8)",2000,0.0106653645038508
3600,0.354,"Conventional OLS","(0.8,0.8)",2000,0.0106930818756802
3650,0.36,"Conventional OLS","(0.8,0.8)",2000,0.010733126291999
3700,0.355,"Conventional OLS","(0.8,0.8)",2000,0.0106998831769324
3750,0.357,"Conventional OLS","(0.8,0.8)",2000,0.0107133328147687
3800,0.3435,"Conventional OLS","(0.8,0.8)",2000,0.0106185627558535
3850,0.3485,"Conventional OLS","(0.8,0.8)",2000,0.010654758326682
3900,0.347,"Conventional OLS","(0.8,0.8)",2000,0.0106440358887031
3950,0.3495,"Conventional OLS","(0.8,0.8)",2000,0.0106618420078334
4000,0.351,"Conventional OLS","(0.8,0.8)",2000,0.0106723708706173
4050,0.356,"Conventional OLS","(0.8,0.8)",2000,0.0107066334578148
4100,0.357,"Conventional OLS","(0.8,0.8)",2000,0.0107133328147687
4150,0.3575,"Conventional OLS","(0.8,0.8)",2000,0.0107166634266454
4200,0.3565,"Conventional OLS","(0.8,0.8)",2000,0.0107099894957932
4250,0.352,"Conventional OLS","(0.8,0.8)",2000,0.0106793258214178
4300,0.3535,"Conventional OLS","(0.8,0.8)",2000,0.0106896620620111
4350,0.3585,"Conventional OLS","(0.8,0.8)",2000,0.0107232865764186
4400,0.3515,"Conventional OLS","(0.8,0.8)",2000,0.0106758547667154
4450,0.3505,"Conventional OLS","(0.8,0.8)",2000,0.0106688741205434
4500,0.348,"Conventional OLS","(0.8,0.8)",2000,0.0106511971158175
4550,0.3515,"Conventional OLS","(0.8,0.8)",2000,0.0106758547667154
4600,0.352,"Conventional OLS","(0.8,0.8)",2000,0.0106793258214178
4650,0.3495,"Conventional OLS","(0.8,0.8)",2000,0.0106618420078334
4700,0.3495,"Conventional OLS","(0.8,0.8)",2000,0.0106618420078334
4750,0.3425,"Conventional OLS","(0.8,0.8)",2000,0.0106111674664007
4800,0.343,"Conventional OLS","(0.8,0.8)",2000,0.0106148716431241
4850,0.3405,"Conventional OLS","(0.8,0.8)",2000,0.0105962198448315
4900,0.3425,"Conventional OLS","(0.8,0.8)",2000,0.0106111674664007
4950,0.3445,"Conventional OLS","(0.8,0.8)",2000,0.0106259058437387
5000,0.3475,"Conventional OLS","(0.8,0.8)",2000,0.0106476229741666
50,0.463,"Conventional OLS","(0.9,0.9)",2000,0.011149686094236
100,0.497,"Conventional OLS","(0.9,0.9)",2000,0.0111801386395697
150,0.523,"Conventional OLS","(0.9,0.9)",2000,0.0111685048238339
200,0.536,"Conventional OLS","(0.9,0.9)",2000,0.0111513227914898
250,0.53,"Conventional OLS","(0.9,0.9)",2000,0.0111601971308754
300,0.5205,"Conventional OLS","(0.9,0.9)",2000,0.0111709388593797
350,0.515,"Conventional OLS","(0.9,0.9)",2000,0.0111753076020305
400,0.5175,"Conventional OLS","(0.9,0.9)",2000,0.0111734898308452
450,0.506,"Conventional OLS","(0.9,0.9)",2000,0.0111795348740455
500,0.5055,"Conventional OLS","(0.9,0.9)",2000,0.0111796634564731
550,0.51,"Conventional OLS","(0.9,0.9)",2000,0.0111781035958699
600,0.499,"Conventional OLS","(0.9,0.9)",2000,0.0111803175267968
650,0.5145,"Conventional OLS","(0.9,0.9)",2000,0.0111756375657051
700,0.5165,"Conventional OLS","(0.9,0.9)",2000,0.0111742505341522
750,0.5135,"Conventional OLS","(0.9,0.9)",2000,0.0111762639106277
800,0.509,"Conventional OLS","(0.9,0.9)",2000,0.011178528525705
850,0.521,"Conventional OLS","(0.9,0.9)",2000,0.011170474475151
900,0.526,"Conventional OLS","(0.9,0.9)",2000,0.0111652138358385
950,0.52,"Conventional OLS","(0.9,0.9)",2000,0.0111713920350152
1000,0.5265,"Conventional OLS","(0.9,0.9)",2000,0.0111646260573295
1050,0.52,"Conventional OLS","(0.9,0.9)",2000,0.0111713920350152
1100,0.5205,"Conventional OLS","(0.9,0.9)",2000,0.0111709388593797
1150,0.5245,"Conventional OLS","(0.9,0.9)",2000,0.0111669098232233
1200,0.5335,"Conventional OLS","(0.9,0.9)",2000,0.0111552173891861
1250,0.5355,"Conventional OLS","(0.9,0.9)",2000,0.0111521242371129
1300,0.541,"Conventional OLS","(0.9,0.9)",2000,0.0111426881855323
1350,0.5365,"Conventional OLS","(0.9,0.9)",2000,0.0111505100780189
1400,0.534,"Conventional OLS","(0.9,0.9)",2000,0.0111544609910116
1450,0.5325,"Conventional OLS","(0.9,0.9)",2000,0.0111566964196396
1500,0.5295,"Conventional OLS","(0.9,0.9)",2000,0.0111608635418591
1550,0.5345,"Conventional OLS","(0.9,0.9)",2000,0.0111536933344969
1600,0.5355,"Conventional OLS","(0.9,0.9)",2000,0.0111521242371129
1650,0.5325,"Conventional OLS","(0.9,0.9)",2000,0.0111566964196396
1700,0.5365,"Conventional OLS","(0.9,0.9)",2000,0.0111505100780189
1750,0.5355,"Conventional OLS","(0.9,0.9)",2000,0.0111521242371129
1800,0.5385,"Conventional OLS","(0.9,0.9)",2000,0.0111471464958526
1850,0.5375,"Conventional OLS","(0.9,0.9)",2000,0.0111488508376424
1900,0.5265,"Conventional OLS","(0.9,0.9)",2000,0.0111646260573295
1950,0.522,"Conventional OLS","(0.9,0.9)",2000,0.0111695120752878
2000,0.5215,"Conventional OLS","(0.9,0.9)",2000,0.011169998880931
2050,0.5335,"Conventional OLS","(0.9,0.9)",2000,0.0111552173891861
2100,0.5295,"Conventional OLS","(0.9,0.9)",2000,0.0111608635418591
2150,0.5365,"Conventional OLS","(0.9,0.9)",2000,0.0111505100780189
2200,0.5225,"Conventional OLS","(0.9,0.9)",2000,0.0111690140567554
2250,0.5265,"Conventional OLS","(0.9,0.9)",2000,0.0111646260573295
2300,0.531,"Conventional OLS","(0.9,0.9)",2000,0.0111588305838918
2350,0.5365,"Conventional OLS","(0.9,0.9)",2000,0.0111505100780189
2400,0.539,"Conventional OLS","(0.9,0.9)",2000,0.0111462774054839
2450,0.5295,"Conventional OLS","(0.9,0.9)",2000,0.0111608635418591
2500,0.536,"Conventional OLS","(0.9,0.9)",2000,0.0111513227914898
2550,0.5325,"Conventional OLS","(0.9,0.9)",2000,0.0111566964196396
2600,0.534,"Conventional OLS","(0.9,0.9)",2000,0.0111544609910116
2650,0.535,"Conventional OLS","(0.9,0.9)",2000,0.0111529144173171
2700,0.532,"Conventional OLS","(0.9,0.9)",2000,0.0111574190563947
2750,0.5355,"Conventional OLS","(0.9,0.9)",2000,0.0111521242371129
2800,0.5385,"Conventional OLS","(0.9,0.9)",2000,0.0111471464958526
2850,0.534,"Conventional OLS","(0.9,0.9)",2000,0.0111544609910116
2900,0.5395,"Conventional OLS","(0.9,0.9)",2000,0.011145397031959
2950,0.54,"Conventional OLS","(0.9,0.9)",2000,0.011144505372604
3000,0.5385,"Conventional OLS","(0.9,0.9)",2000,0.0111471464958526
3050,0.535,"Conventional OLS","(0.9,0.9)",2000,0.0111529144173171
3100,0.5315,"Conventional OLS","(0.9,0.9)",2000,0.0111581304437616
3150,0.531,"Conventional OLS","(0.9,0.9)",2000,0.0111588305838918
3200,0.537,"Conventional OLS","(0.9,0.9)",2000,0.011149686094236
3250,0.5395,"Conventional OLS","(0.9,0.9)",2000,0.011145397031959
3300,0.542,"Conventional OLS","(0.9,0.9)",2000,0.0111408258221731
3350,0.54,"Conventional OLS","(0.9,0.9)",2000,0.011144505372604
3400,0.535,"Conventional OLS","(0.9,0.9)",2000,0.0111529144173171
3450,0.533,"Conventional OLS","(0.9,0.9)",2000,0.0111559625313103
3500,0.5265,"Conventional OLS","(0.9,0.9)",2000,0.0111646260573295
3550,0.528,"Conventional OLS","(0.9,0.9)",2000,0.0111627953488362
3600,0.531,"Conventional OLS","(0.9,0.9)",2000,0.0111588305838918
3650,0.5245,"Conventional OLS","(0.9,0.9)",2000,0.0111669098232233
3700,0.5235,"Conventional OLS","(0.9,0.9)",2000,0.0111679843749891
3750,0.527,"Conventional OLS","(0.9,0.9)",2000,0.0111640270512033
3800,0.524,"Conventional OLS","(0.9,0.9)",2000,0.0111674527086529
3850,0.5295,"Conventional OLS","(0.9,0.9)",2000,0.0111608635418591
3900,0.527,"Conventional OLS","(0.9,0.9)",2000,0.0111640270512033
3950,0.5215,"Conventional OLS","(0.9,0.9)",2000,0.011169998880931
4000,0.529,"Conventional OLS","(0.9,0.9)",2000,0.0111615187138669
4050,0.5295,"Conventional OLS","(0.9,0.9)",2000,0.0111608635418591
4100,0.5315,"Conventional OLS","(0.9,0.9)",2000,0.0111581304437616
4150,0.529,"Conventional OLS","(0.9,0.9)",2000,0.0111615187138669
4200,0.5315,"Conventional OLS","(0.9,0.9)",2000,0.0111581304437616
4250,0.525,"Conventional OLS","(0.9,0.9)",2000,0.0111663557170636
4300,0.5315,"Conventional OLS","(0.9,0.9)",2000,0.0111581304437616
4350,0.528,"Conventional OLS","(0.9,0.9)",2000,0.0111627953488362
4400,0.5275,"Conventional OLS","(0.9,0.9)",2000,0.0111634168156528
4450,0.521,"Conventional OLS","(0.9,0.9)",2000,0.011170474475151
4500,0.5275,"Conventional OLS","(0.9,0.9)",2000,0.0111634168156528
4550,0.5275,"Conventional OLS","(0.9,0.9)",2000,0.0111634168156528
4600,0.5275,"Conventional OLS","(0.9,0.9)",2000,0.0111634168156528
4650,0.5225,"Conventional OLS","(0.9,0.9)",2000,0.0111690140567554
4700,0.5225,"Conventional OLS","(0.9,0.9)",2000,0.0111690140567554
4750,0.5205,"Conventional OLS","(0.9,0.9)",2000,0.0111709388593797
4800,0.521,"Conventional OLS","(0.9,0.9)",2000,0.011170474475151
4850,0.521,"Conventional OLS","(0.9,0.9)",2000,0.011170474475151
4900,0.5245,"Conventional OLS","(0.9,0.9)",2000,0.0111669098232233
4950,0.5145,"Conventional OLS","(0.9,0.9)",2000,0.0111756375657051
5000,0.5145,"Conventional OLS","(0.9,0.9)",2000,0.0111756375657051
50,0.564,"Conventional OLS","(0.95,0.95)",2000,0.0110883722881224
100,0.6135,"Conventional OLS","(0.95,0.95)",2000,0.0108884744110458
150,0.643,"Conventional OLS","(0.95,0.95)",2000,0.0107133328147687
200,0.6495,"Conventional OLS","(0.95,0.95)",2000,0.0106688741205434
250,0.666,"Conventional OLS","(0.95,0.95)",2000,0.01054618414404
300,0.653,"Conventional OLS","(0.95,0.95)",2000,0.0106440358887031
350,0.6635,"Conventional OLS","(0.95,0.95)",2000,0.0105656933042749
400,0.653,"Conventional OLS","(0.95,0.95)",2000,0.0106440358887031
450,0.6475,"Conventional OLS","(0.95,0.95)",2000,0.0106827840472416
500,0.6505,"Conventional OLS","(0.95,0.95)",2000,0.0106618420078334
550,0.649,"Conventional OLS","(0.95,0.95)",2000,0.0106723708706173
600,0.641,"Conventional OLS","(0.95,0.95)",2000,0.010726579137824
650,0.6495,"Conventional OLS","(0.95,0.95)",2000,0.0106688741205434
700,0.6565,"Conventional OLS","(0.95,0.95)",2000,0.0106185627558535
750,0.662,"Conventional OLS","(0.95,0.95)",2000,0.0105772397155402
800,0.6565,"Conventional OLS","(0.95,0.95)",2000,0.0106185627558535
850,0.666,"Conventional OLS","(0.95,0.95)",2000,0.01054618414404
900,0.6605,"Conventional OLS","(0.95,0.95)",2000,0.0105886672910239
950,0.652,"Conventional OLS","(0.95,0.95)",2000,0.0106511971158175
1000,0.655,"Conventional OLS","(0.95,0.95)",2000,0.0106295578459313
1050,0.6505,"Conventional OLS","(0.95,0.95)",2000,0.0106618420078334
1100,0.6555,"Conventional OLS","(0.95,0.95)",2000,0.0106259058437387
1150,0.663,"Conventional OLS","(0.95,0.95)",2000,0.0105695553359638
1200,0.665,"Conventional OLS","(0.95,0.95)",2000,0.0105540276671989
1250,0.6625,"Conventional OLS","(0.95,0.95)",2000,0.0105734041349038
1300,0.654,"Conventional OLS","(0.95,0.95)",2000,0.0106368228339105
1350,0.647,"Conventional OLS","(0.95,0.95)",2000,0.0106862294566419
1400,0.651,"Conventional OLS","(0.95,0.95)",2000,0.0106583066197215
1450,0.648,"Conventional OLS","(0.95,0.95)",2000,0.0106793258214178
1500,0.6505,"Conventional OLS","(0.95,0.95)",2000,0.0106618420078334
1550,0.6525,"Conventional OLS","(0.95,0.95)",2000,0.0106476229741666
1600,0.652,"Conventional OLS","(0.95,0.95)",2000,0.0106511971158175
1650,0.6535,"Conventional OLS","(0.95,0.95)",2000,0.0106404358463364
1700,0.658,"Conventional OLS","(0.95,0.95)",2000,0.0106074502119972
1750,0.655,"Conventional OLS","(0.95,0.95)",2000,0.0106295578459313
1800,0.665,"Conventional OLS","(0.95,0.95)",2000,0.0105540276671989
1850,0.6605,"Conventional OLS","(0.95,0.95)",2000,0.0105886672910239
1900,0.6545,"Conventional OLS","(0.95,0.95)",2000,0.0106331968382044
1950,0.652,"Conventional OLS","(0.95,0.95)",2000,0.0106511971158175
2000,0.6475,"Conventional OLS","(0.95,0.95)",2000,0.0106827840472416
2050,0.6435,"Conventional OLS","(0.95,0.95)",2000,0.0107099894957932
2100,0.6435,"Conventional OLS","(0.95,0.95)",2000,0.0107099894957932
2150,0.649,"Conventional OLS","(0.95,0.95)",2000,0.0106723708706173
2200,0.648,"Conventional OLS","(0.95,0.95)",2000,0.0106793258214178
2250,0.6525,"Conventional OLS","(0.95,0.95)",2000,0.0106476229741666
2300,0.66,"Conventional OLS","(0.95,0.95)",2000,0.0105924501414923
2350,0.6625,"Conventional OLS","(0.95,0.95)",2000,0.0105734041349038
2400,0.6755,"Conventional OLS","(0.95,0.95)",2000,0.0104689958926346
2450,0.672,"Conventional OLS","(0.95,0.95)",2000,0.0104979998094875
2500,0.6675,"Conventional OLS","(0.95,0.95)",2000,0.0105343189148611
2550,0.6575,"Conventional OLS","(0.95,0.95)",2000,0.0106111674664007
2600,0.657,"Conventional OLS","(0.95,0.95)",2000,0.0106148716431241
2650,0.6565,"Conventional OLS","(0.95,0.95)",2000,0.0106185627558535
2700,0.653,"Conventional OLS","(0.95,0.95)",2000,0.0106440358887031
2750,0.654,"Conventional OLS","(0.95,0.95)",2000,0.0106368228339105
2800,0.6605,"Conventional OLS","(0.95,0.95)",2000,0.0105886672910239
2850,0.6555,"Conventional OLS","(0.95,0.95)",2000,0.0106259058437387
2900,0.662,"Conventional OLS","(0.95,0.95)",2000,0.0105772397155402
2950,0.6695,"Conventional OLS","(0.95,0.95)",2000,0.0105183114139105
3000,0.6625,"Conventional OLS","(0.95,0.95)",2000,0.0105734041349038
3050,0.659,"Conventional OLS","(0.95,0.95)",2000,0.0105999764150681
3100,0.6645,"Conventional OLS","(0.95,0.95)",2000,0.0105579294845154
3150,0.6605,"Conventional OLS","(0.95,0.95)",2000,0.0105886672910239
3200,0.654,"Conventional OLS","(0.95,0.95)",2000,0.0106368228339105
3250,0.658,"Conventional OLS","(0.95,0.95)",2000,0.0106074502119972
3300,0.6525,"Conventional OLS","(0.95,0.95)",2000,0.0106476229741666
3350,0.6635,"Conventional OLS","(0.95,0.95)",2000,0.0105656933042749
3400,0.6645,"Conventional OLS","(0.95,0.95)",2000,0.0105579294845154
3450,0.662,"Conventional OLS","(0.95,0.95)",2000,0.0105772397155402
3500,0.658,"Conventional OLS","(0.95,0.95)",2000,0.0106074502119972
3550,0.6575,"Conventional OLS","(0.95,0.95)",2000,0.0106111674664007
3600,0.6585,"Conventional OLS","(0.95,0.95)",2000,0.0106037198661602
3650,0.647,"Conventional OLS","(0.95,0.95)",2000,0.0106862294566419
3700,0.647,"Conventional OLS","(0.95,0.95)",2000,0.0106862294566419
3750,0.644,"Conventional OLS","(0.95,0.95)",2000,0.0107066334578148
3800,0.644,"Conventional OLS","(0.95,0.95)",2000,0.0107066334578148
3850,0.656,"Conventional OLS","(0.95,0.95)",2000,0.0106222408182078
3900,0.643,"Conventional OLS","(0.95,0.95)",2000,0.0107133328147687
3950,0.643,"Conventional OLS","(0.95,0.95)",2000,0.0107133328147687
4000,0.648,"Conventional OLS","(0.95,0.95)",2000,0.0106793258214178
4050,0.657,"Conventional OLS","(0.95,0.95)",2000,0.0106148716431241
4100,0.651,"Conventional OLS","(0.95,0.95)",2000,0.0106583066197215
4150,0.65,"Conventional OLS","(0.95,0.95)",2000,0.0106653645038508
4200,0.6445,"Conventional OLS","(0.95,0.95)",2000,0.0107032646888695
4250,0.6495,"Conventional OLS","(0.95,0.95)",2000,0.0106688741205434
4300,0.6555,"Conventional OLS","(0.95,0.95)",2000,0.0106259058437387
4350,0.6515,"Conventional OLS","(0.95,0.95)",2000,0.010654758326682
4400,0.6505,"Conventional OLS","(0.95,0.95)",2000,0.0106618420078334
4450,0.6505,"Conventional OLS","(0.95,0.95)",2000,0.0106618420078334
4500,0.653,"Conventional OLS","(0.95,0.95)",2000,0.0106440358887031
4550,0.653,"Conventional OLS","(0.95,0.95)",2000,0.0106440358887031
4600,0.653,"Conventional OLS","(0.95,0.95)",2000,0.0106440358887031
4650,0.65,"Conventional OLS","(0.95,0.95)",2000,0.0106653645038508
4700,0.6515,"Conventional OLS","(0.95,0.95)",2000,0.010654758326682
4750,0.6485,"Conventional OLS","(0.95,0.95)",2000,0.0106758547667154
4800,0.6555,"Conventional OLS","(0.95,0.95)",2000,0.0106259058437387
4850,0.655,"Conventional OLS","(0.95,0.95)",2000,0.0106295578459313
4900,0.657,"Conventional OLS","(0.95,0.95)",2000,0.0106148716431241
4950,0.653,"Conventional OLS","(0.95,0.95)",2000,0.0106440358887031
5000,0.6595,"Conventional OLS","(0.95,0.95)",2000,0.0105962198448315
50,0.2055,"Conventional OLS","(0.9,0.5)",2000,0.00903520198999447
100,0.21,"Conventional OLS","(0.9,0.5)",2000,0.00910768905925098
150,0.2225,"Conventional OLS","(0.9,0.5)",2000,0.00930036961631096
200,0.2175,"Conventional OLS","(0.9,0.5)",2000,0.00922479674572833
250,0.2185,"Conventional OLS","(0.9,0.5)",2000,0.00924006899324891
300,0.2175,"Conventional OLS","(0.9,0.5)",2000,0.00922479674572833
350,0.214,"Conventional OLS","(0.9,0.5)",2000,0.00917071425789726
400,0.2155,"Conventional OLS","(0.9,0.5)",2000,0.00919401299759795
450,0.224,"Conventional OLS","(0.9,0.5)",2000,0.00932266056445262
500,0.2195,"Conventional OLS","(0.9,0.5)",2000,0.00925526201682049
550,0.2275,"Conventional OLS","(0.9,0.5)",2000,0.00937399994666098
600,0.224,"Conventional OLS","(0.9,0.5)",2000,0.00932266056445262
650,0.22,"Conventional OLS","(0.9,0.5)",2000,0.00926282894152753
700,0.218,"Conventional OLS","(0.9,0.5)",2000,0.00923244279700665
750,0.2315,"Conventional OLS","(0.9,0.5)",2000,0.00943153619512749
800,0.2305,"Conventional OLS","(0.9,0.5)",2000,0.00941726473027067
850,0.2295,"Conventional OLS","(0.9,0.5)",2000,0.0094029184299344
900,0.234,"Conventional OLS","(0.9,0.5)",2000,0.00946688966873492
950,0.2315,"Conventional OLS","(0.9,0.5)",2000,0.00943153619512749
1000,0.231,"Conventional OLS","(0.9,0.5)",2000,0.00942440979584398
1050,0.233,"Conventional OLS","(0.9,0.5)",2000,0.00945280381685773
1100,0.2345,"Conventional OLS","(0.9,0.5)",2000,0.00947390494991374
1150,0.2305,"Conventional OLS","(0.9,0.5)",2000,0.00941726473027067
1200,0.2365,"Conventional OLS","(0.9,0.5)",2000,0.00950178272746752
1250,0.237,"Conventional OLS","(0.9,0.5)",2000,0.00950870653664314
1300,0.246,"Conventional OLS","(0.9,0.5)",2000,0.0096302647938673
1350,0.242,"Conventional OLS","(0.9,0.5)",2000,0.00957695149825872
1400,0.2435,"Conventional OLS","(0.9,0.5)",2000,0.00959707637773088
1450,0.2385,"Conventional OLS","(0.9,0.5)",2000,0.00952936907670177
1500,0.2375,"Conventional OLS","(0.9,0.5)",2000,0.00951561217158413
1550,0.2405,"Conventional OLS","(0.9,0.5)",2000,0.00955666652133473
1600,0.24,"Conventional OLS","(0.9,0.5)",2000,0.00954986910905066
1650,0.2325,"Conventional OLS","(0.9,0.5)",2000,0.00944573316370942
1700,0.2335,"Conventional OLS","(0.9,0.5)",2000,0.00945985597141944
1750,0.24,"Conventional OLS","(0.9,0.5)",2000,0.00954986910905066
1800,0.2385,"Conventional OLS","(0.9,0.5)",2000,0.00952936907670177
1850,0.245,"Conventional OLS","(0.9,0.5)",2000,0.00961704216482386
1900,0.237,"Conventional OLS","(0.9,0.5)",2000,0.00950870653664314
1950,0.242,"Conventional OLS","(0.9,0.5)",2000,0.00957695149825872
2000,0.247,"Conventional OLS","(0.9,0.5)",2000,0.00964341744403922
2050,0.254,"Conventional OLS","(0.9,0.5)",2000,0.00973355022589394
2100,0.2455,"Conventional OLS","(0.9,0.5)",2000,0.00962366224469666
2150,0.2395,"Conventional OLS","(0.9,0.5)",2000,0.00954305375652888
2200,0.2325,"Conventional OLS","(0.9,0.5)",2000,0.00944573316370942
2250,0.2345,"Conventional OLS","(0.9,0.5)",2000,0.00947390494991374
2300,0.232,"Conventional OLS","(0.9,0.5)",2000,0.00943864397040168
2350,0.2395,"Conventional OLS","(0.9,0.5)",2000,0.00954305375652888
2400,0.2335,"Conventional OLS","(0.9,0.5)",2000,0.00945985597141944
2450,0.2325,"Conventional OLS","(0.9,0.5)",2000,0.00944573316370942
2500,0.228,"Conventional OLS","(0.9,0.5)",2000,0.00938125791138907
2550,0.2335,"Conventional OLS","(0.9,0.5)",2000,0.00945985597141944
2600,0.233,"Conventional OLS","(0.9,0.5)",2000,0.00945280381685773
2650,0.2225,"Conventional OLS","(0.9,0.5)",2000,0.00930036961631096
2700,0.225,"Conventional OLS","(0.9,0.5)",2000,0.00933742469849155
2750,0.2305,"Conventional OLS","(0.9,0.5)",2000,0.00941726473027067
2800,0.231,"Conventional OLS","(0.9,0.5)",2000,0.00942440979584398
2850,0.233,"Conventional OLS","(0.9,0.5)",2000,0.00945280381685773
2900,0.236,"Conventional OLS","(0.9,0.5)",2000,0.00949484070429831
2950,0.2295,"Conventional OLS","(0.9,0.5)",2000,0.0094029184299344
3000,0.231,"Conventional OLS","(0.9,0.5)",2000,0.00942440979584398
3050,0.2345,"Conventional OLS","(0.9,0.5)",2000,0.00947390494991374
3100,0.228,"Conventional OLS","(0.9,0.5)",2000,0.00938125791138907
3150,0.2315,"Conventional OLS","(0.9,0.5)",2000,0.00943153619512749
3200,0.232,"Conventional OLS","(0.9,0.5)",2000,0.00943864397040168
3250,0.234,"Conventional OLS","(0.9,0.5)",2000,0.00946688966873492
3300,0.2335,"Conventional OLS","(0.9,0.5)",2000,0.00945985597141944
3350,0.235,"Conventional OLS","(0.9,0.5)",2000,0.00948090185583629
3400,0.2335,"Conventional OLS","(0.9,0.5)",2000,0.00945985597141944
3450,0.233,"Conventional OLS","(0.9,0.5)",2000,0.00945280381685773
3500,0.2335,"Conventional OLS","(0.9,0.5)",2000,0.00945985597141944
3550,0.2375,"Conventional OLS","(0.9,0.5)",2000,0.00951561217158413
3600,0.232,"Conventional OLS","(0.9,0.5)",2000,0.00943864397040168
3650,0.227,"Conventional OLS","(0.9,0.5)",2000,0.00936672301287916
3700,0.231,"Conventional OLS","(0.9,0.5)",2000,0.00942440979584398
3750,0.2285,"Conventional OLS","(0.9,0.5)",2000,0.00938849695105665
3800,0.2325,"Conventional OLS","(0.9,0.5)",2000,0.00944573316370942
3850,0.2265,"Conventional OLS","(0.9,0.5)",2000,0.00935942706579842
3900,0.2285,"Conventional OLS","(0.9,0.5)",2000,0.00938849695105665
3950,0.2265,"Conventional OLS","(0.9,0.5)",2000,0.00935942706579842
4000,0.224,"Conventional OLS","(0.9,0.5)",2000,0.00932266056445262
4050,0.229,"Conventional OLS","(0.9,0.5)",2000,0.00939571710940682
4100,0.23,"Conventional OLS","(0.9,0.5)",2000,0.00941010095588777
4150,0.225,"Conventional OLS","(0.9,0.5)",2000,0.00933742469849155
4200,0.2255,"Conventional OLS","(0.9,0.5)",2000,0.00934477795348825
4250,0.2205,"Conventional OLS","(0.9,0.5)",2000,0.00927037620595842
4300,0.2245,"Conventional OLS","(0.9,0.5)",2000,0.00933005225065755
4350,0.2245,"Conventional OLS","(0.9,0.5)",2000,0.00933005225065755
4400,0.2225,"Conventional OLS","(0.9,0.5)",2000,0.00930036961631096
4450,0.224,"Conventional OLS","(0.9,0.5)",2000,0.00932266056445262
4500,0.2195,"Conventional OLS","(0.9,0.5)",2000,0.00925526201682049
4550,0.2215,"Conventional OLS","(0.9,0.5)",2000,0.0092854119456274
4600,0.228,"Conventional OLS","(0.9,0.5)",2000,0.00938125791138907
4650,0.224,"Conventional OLS","(0.9,0.5)",2000,0.00932266056445262
4700,0.2265,"Conventional OLS","(0.9,0.5)",2000,0.00935942706579842
4750,0.2215,"Conventional OLS","(0.9,0.5)",2000,0.0092854119456274
4800,0.221,"Conventional OLS","(0.9,0.5)",2000,0.00927790385809209
4850,0.222,"Conventional OLS","(0.9,0.5)",2000,0.00929290051598531
4900,0.218,"Conventional OLS","(0.9,0.5)",2000,0.00923244279700665
4950,0.2185,"Conventional OLS","(0.9,0.5)",2000,0.00924006899324891
5000,0.2155,"Conventional OLS","(0.9,0.5)",2000,0.00919401299759795
50,0.001,"Conventional OLS","(0.8,-0.8)",2000,0.000706753139363385
100,5e-04,"Conventional OLS","(0.8,-0.8)",2000,0.000499874984371093
150,5e-04,"Conventional OLS","(0.8,-0.8)",2000,0.000499874984371093
200,0,"Conventional OLS","(0.8,-0.8)",2000,0
250,0,"Conventional OLS","(0.8,-0.8)",2000,0
300,0,"Conventional OLS","(0.8,-0.8)",2000,0
350,0,"Conventional OLS","(0.8,-0.8)",2000,0
400,0,"Conventional OLS","(0.8,-0.8)",2000,0
450,0,"Conventional OLS","(0.8,-0.8)",2000,0
500,0,"Conventional OLS","(0.8,-0.8)",2000,0
550,0,"Conventional OLS","(0.8,-0.8)",2000,0
600,0,"Conventional OLS","(0.8,-0.8)",2000,0
650,0,"Conventional OLS","(0.8,-0.8)",2000,0
700,0,"Conventional OLS","(0.8,-0.8)",2000,0
750,0,"Conventional OLS","(0.8,-0.8)",2000,0
800,0,"Conventional OLS","(0.8,-0.8)",2000,0
850,0,"Conventional OLS","(0.8,-0.8)",2000,0
900,0,"Conventional OLS","(0.8,-0.8)",2000,0
950,0,"Conventional OLS","(0.8,-0.8)",2000,0
1000,0,"Conventional OLS","(0.8,-0.8)",2000,0
1050,0,"Conventional OLS","(0.8,-0.8)",2000,0
1100,0,"Conventional OLS","(0.8,-0.8)",2000,0
1150,0,"Conventional OLS","(0.8,-0.8)",2000,0
1200,0,"Conventional OLS","(0.8,-0.8)",2000,0
1250,0,"Conventional OLS","(0.8,-0.8)",2000,0
1300,0,"Conventional OLS","(0.8,-0.8)",2000,0
1350,0,"Conventional OLS","(0.8,-0.8)",2000,0
1400,0,"Conventional OLS","(0.8,-0.8)",2000,0
1450,0,"Conventional OLS","(0.8,-0.8)",2000,0
1500,0,"Conventional OLS","(0.8,-0.8)",2000,0
1550,0,"Conventional OLS","(0.8,-0.8)",2000,0
1600,0,"Conventional OLS","(0.8,-0.8)",2000,0
1650,0,"Conventional OLS","(0.8,-0.8)",2000,0
1700,0,"Conventional OLS","(0.8,-0.8)",2000,0
1750,0,"Conventional OLS","(0.8,-0.8)",2000,0
1800,0,"Conventional OLS","(0.8,-0.8)",2000,0
1850,0,"Conventional OLS","(0.8,-0.8)",2000,0
1900,0,"Conventional OLS","(0.8,-0.8)",2000,0
1950,0,"Conventional OLS","(0.8,-0.8)",2000,0
2000,0,"Conventional OLS","(0.8,-0.8)",2000,0
2050,0,"Conventional OLS","(0.8,-0.8)",2000,0
2100,0,"Conventional OLS","(0.8,-0.8)",2000,0
2150,0,"Conventional OLS","(0.8,-0.8)",2000,0
2200,0,"Conventional OLS","(0.8,-0.8)",2000,0
2250,0,"Conventional OLS","(0.8,-0.8)",2000,0
2300,0,"Conventional OLS","(0.8,-0.8)",2000,0
2350,0,"Conventional OLS","(0.8,-0.8)",2000,0
2400,0,"Conventional OLS","(0.8,-0.8)",2000,0
2450,0,"Conventional OLS","(0.8,-0.8)",2000,0
2500,0,"Conventional OLS","(0.8,-0.8)",2000,0
2550,0,"Conventional OLS","(0.8,-0.8)",2000,0
2600,0,"Conventional OLS","(0.8,-0.8)",2000,0
2650,0,"Conventional OLS","(0.8,-0.8)",2000,0
2700,0,"Conventional OLS","(0.8,-0.8)",2000,0
2750,0,"Conventional OLS","(0.8,-0.8)",2000,0
2800,0,"Conventional OLS","(0.8,-0.8)",2000,0
2850,0,"Conventional OLS","(0.8,-0.8)",2000,0
2900,0,"Conventional OLS","(0.8,-0.8)",2000,0
2950,0,"Conventional OLS","(0.8,-0.8)",2000,0
3000,0,"Conventional OLS","(0.8,-0.8)",2000,0
3050,0,"Conventional OLS","(0.8,-0.8)",2000,0
3100,0,"Conventional OLS","(0.8,-0.8)",2000,0
3150,0,"Conventional OLS","(0.8,-0.8)",2000,0
3200,0,"Conventional OLS","(0.8,-0.8)",2000,0
3250,0,"Conventional OLS","(0.8,-0.8)",2000,0
3300,0,"Conventional OLS","(0.8,-0.8)",2000,0
3350,0,"Conventional OLS","(0.8,-0.8)",2000,0
3400,0,"Conventional OLS","(0.8,-0.8)",2000,0
3450,0,"Conventional OLS","(0.8,-0.8)",2000,0
3500,0,"Conventional OLS","(0.8,-0.8)",2000,0
3550,0,"Conventional OLS","(0.8,-0.8)",2000,0
3600,0,"Conventional OLS","(0.8,-0.8)",2000,0
3650,0,"Conventional OLS","(0.8,-0.8)",2000,0
3700,0,"Conventional OLS","(0.8,-0.8)",2000,0
3750,0,"Conventional OLS","(0.8,-0.8)",2000,0
3800,0,"Conventional OLS","(0.8,-0.8)",2000,0
3850,0,"Conventional OLS","(0.8,-0.8)",2000,0
3900,0,"Conventional OLS","(0.8,-0.8)",2000,0
3950,0,"Conventional OLS","(0.8,-0.8)",2000,0
4000,0,"Conventional OLS","(0.8,-0.8)",2000,0
4050,0,"Conventional OLS","(0.8,-0.8)",2000,0
4100,0,"Conventional OLS","(0.8,-0.8)",2000,0
4150,0,"Conventional OLS","(0.8,-0.8)",2000,0
4200,0,"Conventional OLS","(0.8,-0.8)",2000,0
4250,0,"Conventional OLS","(0.8,-0.8)",2000,0
4300,0,"Conventional OLS","(0.8,-0.8)",2000,0
4350,0,"Conventional OLS","(0.8,-0.8)",2000,0
4400,0,"Conventional OLS","(0.8,-0.8)",2000,0
4450,0,"Conventional OLS","(0.8,-0.8)",2000,0
4500,0,"Conventional OLS","(0.8,-0.8)",2000,0
4550,0,"Conventional OLS","(0.8,-0.8)",2000,0
4600,0,"Conventional OLS","(0.8,-0.8)",2000,0
4650,0,"Conventional OLS","(0.8,-0.8)",2000,0
4700,0,"Conventional OLS","(0.8,-0.8)",2000,0
4750,0,"Conventional OLS","(0.8,-0.8)",2000,0
4800,0,"Conventional OLS","(0.8,-0.8)",2000,0
4850,0,"Conventional OLS","(0.8,-0.8)",2000,0
4900,0,"Conventional OLS","(0.8,-0.8)",2000,0
4950,0,"Conventional OLS","(0.8,-0.8)",2000,0
5000,0,"Conventional OLS","(0.8,-0.8)",2000,0
50,0.041,"Conventional OLS","AR/MA lambda=1",2000,0.00443390347211123
100,0.051,"Conventional OLS","AR/MA lambda=1",2000,0.00491929873051027
150,0.0445,"Conventional OLS","AR/MA lambda=1",2000,0.00461084319837489
200,0.0485,"Conventional OLS","AR/MA lambda=1",2000,0.00480352734977121
250,0.0515,"Conventional OLS","AR/MA lambda=1",2000,0.00494205169944629
300,0.0465,"Conventional OLS","AR/MA lambda=1",2000,0.00470838348055891
350,0.045,"Conventional OLS","AR/MA lambda=1",2000,0.00463546114210873
400,0.0415,"Conventional OLS","AR/MA lambda=1",2000,0.00445969449626317
450,0.044,"Conventional OLS","AR/MA lambda=1",2000,0.00458606585212206
500,0.043,"Conventional OLS","AR/MA lambda=1",2000,0.00453602248671675
550,0.042,"Conventional OLS","AR/MA lambda=1",2000,0.00448530935387962
600,0.041,"Conventional OLS","AR/MA lambda=1",2000,0.00443390347211123
650,0.0365,"Conventional OLS","AR/MA lambda=1",2000,0.0041933131292571
700,0.039,"Conventional OLS","AR/MA lambda=1",2000,0.00432891441356837
750,0.038,"Conventional OLS","AR/MA lambda=1",2000,0.00427527776875374
800,0.042,"Conventional OLS","AR/MA lambda=1",2000,0.00448530935387962
850,0.041,"Conventional OLS","AR/MA lambda=1",2000,0.00443390347211123
900,0.0425,"Conventional OLS","AR/MA lambda=1",2000,0.00451075104611194
950,0.04,"Conventional OLS","AR/MA lambda=1",2000,0.00438178046004133
1000,0.0435,"Conventional OLS","AR/MA lambda=1",2000,0.00456112650559048
1050,0.043,"Conventional OLS","AR/MA lambda=1",2000,0.00453602248671675
1100,0.0465,"Conventional OLS","AR/MA lambda=1",2000,0.00470838348055891
1150,0.0475,"Conventional OLS","AR/MA lambda=1",2000,0.00475624589355933
1200,0.051,"Conventional OLS","AR/MA lambda=1",2000,0.00491929873051027
1250,0.055,"Conventional OLS","AR/MA lambda=1",2000,0.00509779364038993
1300,0.053,"Conventional OLS","AR/MA lambda=1",2000,0.0050095408971282
1350,0.049,"Conventional OLS","AR/MA lambda=1",2000,0.00482695556225661
1400,0.046,"Conventional OLS","AR/MA lambda=1",2000,0.00468422885862764
1450,0.0455,"Conventional OLS","AR/MA lambda=1",2000,0.00465992220965114
1500,0.0455,"Conventional OLS","AR/MA lambda=1",2000,0.00465992220965114
1550,0.0435,"Conventional OLS","AR/MA lambda=1",2000,0.00456112650559048
1600,0.0445,"Conventional OLS","AR/MA lambda=1",2000,0.00461084319837489
1650,0.0435,"Conventional OLS","AR/MA lambda=1",2000,0.00456112650559048
1700,0.0445,"Conventional OLS","AR/MA lambda=1",2000,0.00461084319837489
1750,0.0445,"Conventional OLS","AR/MA lambda=1",2000,0.00461084319837489
1800,0.045,"Conventional OLS","AR/MA lambda=1",2000,0.00463546114210873
1850,0.0455,"Conventional OLS","AR/MA lambda=1",2000,0.00465992220965114
1900,0.0435,"Conventional OLS","AR/MA lambda=1",2000,0.00456112650559048
1950,0.0465,"Conventional OLS","AR/MA lambda=1",2000,0.00470838348055891
2000,0.05,"Conventional OLS","AR/MA lambda=1",2000,0.00487339717240448
2050,0.0455,"Conventional OLS","AR/MA lambda=1",2000,0.00465992220965114
2100,0.0445,"Conventional OLS","AR/MA lambda=1",2000,0.00461084319837489
2150,0.048,"Conventional OLS","AR/MA lambda=1",2000,0.00477995815881269
2200,0.048,"Conventional OLS","AR/MA lambda=1",2000,0.00477995815881269
2250,0.05,"Conventional OLS","AR/MA lambda=1",2000,0.00487339717240448
2300,0.0485,"Conventional OLS","AR/MA lambda=1",2000,0.00480352734977121
2350,0.0455,"Conventional OLS","AR/MA lambda=1",2000,0.00465992220965114
2400,0.048,"Conventional OLS","AR/MA lambda=1",2000,0.00477995815881269
2450,0.0525,"Conventional OLS","AR/MA lambda=1",2000,0.00498717104178311
2500,0.0565,"Conventional OLS","AR/MA lambda=1",2000,0.00516273909857936
2550,0.0535,"Conventional OLS","AR/MA lambda=1",2000,0.00503178646208283
2600,0.051,"Conventional OLS","AR/MA lambda=1",2000,0.00491929873051027
2650,0.0505,"Conventional OLS","AR/MA lambda=1",2000,0.00489641450451246
2700,0.0485,"Conventional OLS","AR/MA lambda=1",2000,0.00480352734977121
2750,0.0455,"Conventional OLS","AR/MA lambda=1",2000,0.00465992220965114
2800,0.048,"Conventional OLS","AR/MA lambda=1",2000,0.00477995815881269
2850,0.048,"Conventional OLS","AR/MA lambda=1",2000,0.00477995815881269
2900,0.047,"Conventional OLS","AR/MA lambda=1",2000,0.00473238840333293
2950,0.047,"Conventional OLS","AR/MA lambda=1",2000,0.00473238840333293
3000,0.0535,"Conventional OLS","AR/MA lambda=1",2000,0.00503178646208283
3050,0.049,"Conventional OLS","AR/MA lambda=1",2000,0.00482695556225661
3100,0.0515,"Conventional OLS","AR/MA lambda=1",2000,0.00494205169944629
3150,0.05,"Conventional OLS","AR/MA lambda=1",2000,0.00487339717240448
3200,0.049,"Conventional OLS","AR/MA lambda=1",2000,0.00482695556225661
3250,0.0505,"Conventional OLS","AR/MA lambda=1",2000,0.00489641450451246
3300,0.049,"Conventional OLS","AR/MA lambda=1",2000,0.00482695556225661
3350,0.05,"Conventional OLS","AR/MA lambda=1",2000,0.00487339717240448
3400,0.046,"Conventional OLS","AR/MA lambda=1",2000,0.00468422885862764
3450,0.047,"Conventional OLS","AR/MA lambda=1",2000,0.00473238840333293
3500,0.0495,"Conventional OLS","AR/MA lambda=1",2000,0.0048502448391808
3550,0.0495,"Conventional OLS","AR/MA lambda=1",2000,0.0048502448391808
3600,0.048,"Conventional OLS","AR/MA lambda=1",2000,0.00477995815881269
3650,0.0495,"Conventional OLS","AR/MA lambda=1",2000,0.0048502448391808
3700,0.051,"Conventional OLS","AR/MA lambda=1",2000,0.00491929873051027
3750,0.053,"Conventional OLS","AR/MA lambda=1",2000,0.0050095408971282
3800,0.0505,"Conventional OLS","AR/MA lambda=1",2000,0.00489641450451246
3850,0.0505,"Conventional OLS","AR/MA lambda=1",2000,0.00489641450451246
3900,0.0495,"Conventional OLS","AR/MA lambda=1",2000,0.0048502448391808
3950,0.053,"Conventional OLS","AR/MA lambda=1",2000,0.0050095408971282
4000,0.057,"Conventional OLS","AR/MA lambda=1",2000,0.00518415856238985
4050,0.053,"Conventional OLS","AR/MA lambda=1",2000,0.0050095408971282
4100,0.0525,"Conventional OLS","AR/MA lambda=1",2000,0.00498717104178311
4150,0.0535,"Conventional OLS","AR/MA lambda=1",2000,0.00503178646208283
4200,0.0515,"Conventional OLS","AR/MA lambda=1",2000,0.00494205169944629
4250,0.053,"Conventional OLS","AR/MA lambda=1",2000,0.0050095408971282
4300,0.054,"Conventional OLS","AR/MA lambda=1",2000,0.00505390937789747
4350,0.0555,"Conventional OLS","AR/MA lambda=1",2000,0.00511955808639769
4400,0.0565,"Conventional OLS","AR/MA lambda=1",2000,0.00516273909857936
4450,0.059,"Conventional OLS","AR/MA lambda=1",2000,0.00526872849936301
4500,0.058,"Conventional OLS","AR/MA lambda=1",2000,0.00522666241496426
4550,0.0555,"Conventional OLS","AR/MA lambda=1",2000,0.00511955808639769
4600,0.057,"Conventional OLS","AR/MA lambda=1",2000,0.00518415856238985
4650,0.06,"Conventional OLS","AR/MA lambda=1",2000,0.0053103672189407
4700,0.06,"Conventional OLS","AR/MA lambda=1",2000,0.0053103672189407
4750,0.0635,"Conventional OLS","AR/MA lambda=1",2000,0.005452877680638
4800,0.061,"Conventional OLS","AR/MA lambda=1",2000,0.00535158854920667
4850,0.063,"Conventional OLS","AR/MA lambda=1",2000,0.00543281694887652
4900,0.0625,"Conventional OLS","AR/MA lambda=1",2000,0.00541265877365274
4950,0.0615,"Conventional OLS","AR/MA lambda=1",2000,0.00537204569973116
5000,0.0605,"Conventional OLS","AR/MA lambda=1",2000,0.0053310294503032
50,0.683,"Conventional OLS","I(1)",2000,0.0104045903331174
100,0.7765,"Conventional OLS","I(1)",2000,0.00931524959407959
150,0.8315,"Conventional OLS","I(1)",2000,0.00836981929315084
200,0.852,"Conventional OLS","I(1)",2000,0.00794027707325129
250,0.841,"Conventional OLS","I(1)",2000,0.00817676586432558
300,0.8595,"Conventional OLS","I(1)",2000,0.0077704488287357
350,0.887,"Conventional OLS","I(1)",2000,0.00707923018413725
400,0.8845,"Conventional OLS","I(1)",2000,0.00714701860918243
450,0.895,"Conventional OLS","I(1)",2000,0.00685474288358068
500,0.893,"Conventional OLS","I(1)",2000,0.0069119823495145
550,0.9065,"Conventional OLS","I(1)",2000,0.0065099059132986
600,0.9165,"Conventional OLS","I(1)",2000,0.00618578006398546
650,0.9035,"Conventional OLS","I(1)",2000,0.00660256578914591
700,0.912,"Conventional OLS","I(1)",2000,0.00633466652634533
750,0.931,"Conventional OLS","I(1)",2000,0.00566740681440815
800,0.9175,"Conventional OLS","I(1)",2000,0.0061519813881383
850,0.9215,"Conventional OLS","I(1)",2000,0.00601405645134796
900,0.922,"Conventional OLS","I(1)",2000,0.00599649897857074
950,0.924,"Conventional OLS","I(1)",2000,0.0059255379502624
1000,0.933,"Conventional OLS","I(1)",2000,0.00559066185706129
1050,0.924,"Conventional OLS","I(1)",2000,0.0059255379502624
1100,0.9285,"Conventional OLS","I(1)",2000,0.00576141258720464
1150,0.9315,"Conventional OLS","I(1)",2000,0.00564835152942874
1200,0.9295,"Conventional OLS","I(1)",2000,0.00572406105837455
1250,0.9385,"Conventional OLS","I(1)",2000,0.00537204569973116
1300,0.9365,"Conventional OLS","I(1)",2000,0.005452877680638
1350,0.938,"Conventional OLS","I(1)",2000,0.00539240206216117
1400,0.9395,"Conventional OLS","I(1)",2000,0.0053310294503032
1450,0.9435,"Conventional OLS","I(1)",2000,0.00516273909857936
1500,0.937,"Conventional OLS","I(1)",2000,0.00543281694887652
1550,0.944,"Conventional OLS","I(1)",2000,0.00514120608417908
1600,0.943,"Conventional OLS","I(1)",2000,0.00518415856238985
1650,0.949,"Conventional OLS","I(1)",2000,0.00491929873051028
1700,0.946,"Conventional OLS","I(1)",2000,0.00505390937789747
1750,0.943,"Conventional OLS","I(1)",2000,0.00518415856238985
1800,0.9475,"Conventional OLS","I(1)",2000,0.00498717104178311
1850,0.947,"Conventional OLS","I(1)",2000,0.0050095408971282
1900,0.954,"Conventional OLS","I(1)",2000,0.00468422885862764
1950,0.954,"Conventional OLS","I(1)",2000,0.00468422885862764
2000,0.952,"Conventional OLS","I(1)",2000,0.00477995815881269
2050,0.9565,"Conventional OLS","I(1)",2000,0.00456112650559048
2100,0.9535,"Conventional OLS","I(1)",2000,0.00470838348055891
2150,0.965,"Conventional OLS","I(1)",2000,0.00410944035119139
2200,0.9615,"Conventional OLS","I(1)",2000,0.00430219420761081
2250,0.9595,"Conventional OLS","I(1)",2000,0.00440793318914885
2300,0.9535,"Conventional OLS","I(1)",2000,0.00470838348055891
2350,0.953,"Conventional OLS","I(1)",2000,0.00473238840333293
2400,0.943,"Conventional OLS","I(1)",2000,0.00518415856238985
2450,0.9425,"Conventional OLS","I(1)",2000,0.00520546587732549
2500,0.9455,"Conventional OLS","I(1)",2000,0.00507591124823908
2550,0.946,"Conventional OLS","I(1)",2000,0.00505390937789747
2600,0.9515,"Conventional OLS","I(1)",2000,0.00480352734977121
2650,0.9545,"Conventional OLS","I(1)",2000,0.00465992220965114
2700,0.9585,"Conventional OLS","I(1)",2000,0.00445969449626317
2750,0.952,"Conventional OLS","I(1)",2000,0.00477995815881269
2800,0.9495,"Conventional OLS","I(1)",2000,0.00489641450451246
2850,0.949,"Conventional OLS","I(1)",2000,0.00491929873051028
2900,0.954,"Conventional OLS","I(1)",2000,0.00468422885862764
2950,0.9585,"Conventional OLS","I(1)",2000,0.00445969449626317
3000,0.952,"Conventional OLS","I(1)",2000,0.00477995815881269
3050,0.96,"Conventional OLS","I(1)",2000,0.00438178046004133
3100,0.9615,"Conventional OLS","I(1)",2000,0.00430219420761081
3150,0.9615,"Conventional OLS","I(1)",2000,0.00430219420761081
3200,0.961,"Conventional OLS","I(1)",2000,0.00432891441356837
3250,0.963,"Conventional OLS","I(1)",2000,0.00422084114839685
3300,0.968,"Conventional OLS","I(1)",2000,0.00393547964039963
3350,0.9685,"Conventional OLS","I(1)",2000,0.00390562094934979
3400,0.961,"Conventional OLS","I(1)",2000,0.00432891441356837
3450,0.96,"Conventional OLS","I(1)",2000,0.00438178046004133
3500,0.9625,"Conventional OLS","I(1)",2000,0.00424816136699161
3550,0.9655,"Conventional OLS","I(1)",2000,0.00408103847078167
3600,0.959,"Conventional OLS","I(1)",2000,0.00443390347211123
3650,0.962,"Conventional OLS","I(1)",2000,0.00427527776875375
3700,0.9615,"Conventional OLS","I(1)",2000,0.00430219420761081
3750,0.961,"Conventional OLS","I(1)",2000,0.00432891441356837
3800,0.9615,"Conventional OLS","I(1)",2000,0.00430219420761081
3850,0.96,"Conventional OLS","I(1)",2000,0.00438178046004133
3900,0.9645,"Conventional OLS","I(1)",2000,0.00413761706783023
3950,0.9685,"Conventional OLS","I(1)",2000,0.00390562094934979
4000,0.9715,"Conventional OLS","I(1)",2000,0.0037207358143249
4050,0.9685,"Conventional OLS","I(1)",2000,0.00390562094934979
4100,0.966,"Conventional OLS","I(1)",2000,0.00405240669232495
4150,0.9625,"Conventional OLS","I(1)",2000,0.00424816136699161
4200,0.9655,"Conventional OLS","I(1)",2000,0.00408103847078167
4250,0.9715,"Conventional OLS","I(1)",2000,0.0037207358143249
4300,0.9645,"Conventional OLS","I(1)",2000,0.00413761706783023
4350,0.961,"Conventional OLS","I(1)",2000,0.00432891441356837
4400,0.963,"Conventional OLS","I(1)",2000,0.00422084114839685
4450,0.9705,"Conventional OLS","I(1)",2000,0.00378350036342009
4500,0.9725,"Conventional OLS","I(1)",2000,0.00365675744341896
4550,0.972,"Conventional OLS","I(1)",2000,0.00368890227574546
4600,0.975,"Conventional OLS","I(1)",2000,0.00349106001094224
4650,0.9705,"Conventional OLS","I(1)",2000,0.00378350036342009
4700,0.968,"Conventional OLS","I(1)",2000,0.00393547964039963
4750,0.9685,"Conventional OLS","I(1)",2000,0.00390562094934979
4800,0.9695,"Conventional OLS","I(1)",2000,0.00384511053157123
4850,0.9745,"Conventional OLS","I(1)",2000,0.00352489361541593
4900,0.9755,"Conventional OLS","I(1)",2000,0.00345685912353975
4950,0.974,"Conventional OLS","I(1)",2000,0.00355837041354607
5000,0.9695,"Conventional OLS","I(1)",2000,0.00384511053157123
